command,description
setpos -1731.5130615234375 1315.030029296875 38.78449630737305; setang -70.15835 85.45099;,Флешка Б
